"video_id","start_time","channel_id","sentiment_pulled"
"1YiRGgBfefQ","2026-09-28 15:09:29.578428","UCxlNthtlYn3rWyjA1XCOLuw",TRUE
"K1iI9zzaUeE","2026-09-28 15:09:29.578428","UCAvBGwk6yKYhXDDoXXXIeog",TRUE
"6QsedHMNQZ8","2026-09-28 21:43:21.234805","UC0QkdbSQlLB3yuvVg6Ga7eg",FALSE
"c_Tyki6cuJA","2026-09-28 21:43:21.234805","UC98oVGbwlYH7DUSx1TwcVnw",FALSE
"9wIDt6Nz30o","2026-09-28 21:43:21.234805","UCjYFwkKvItvRTZYTMQfbTUA",FALSE
"8QG_0KSa4IY","2026-09-28 21:43:21.234805","UCJ0cTCw8QxUB0U2lFtjpaEQ",FALSE
"nyRTQ6CG5yA","2026-09-28 21:43:21.234805","UCAMl62VX7wwiL80MhgBo8ew",FALSE
"QlU9gtahQJM","2026-09-29 01:38:32.510027","UC7OjdmWesJHZiqZwxeljkYQ",FALSE
"_OZSVpHQy98","2026-09-29 01:38:32.510027","UCYxE-PBo06P035AxeZdQm4w",FALSE
"5IRVj86YdDc","2026-09-29 01:38:32.510027","UC2IpSjwGIQ1IMUHF6e-gmVw",FALSE
"fPCVLXDORRI","2026-09-29 01:38:32.510027","UCBH1KZx6fkN2oDL46VL7-lQ",FALSE
"DzuBnqphaeM","2026-09-29 15:33:20.801498","UCCv-2IH7-YazDLVZ7BEIhkg",FALSE
"Mi-3RVXfTHg","2026-09-29 20:35:25.697468","UCjYFwkKvItvRTZYTMQfbTUA",FALSE
"YcSZbtt4AOI","2026-09-30 13:29:21.146136","UCfpjvePaHFyif-E7EEh-3tg",FALSE
"Ym1Sbo9NSBM","2026-09-30 19:03:25.765558","UCmzlU-Rtdz2tV1dI7KQvTxw",FALSE
"snJ8_ePxefY","2026-09-30 22:57:21.685615","UC79hvLewinJiByC0NyWBTBQ",FALSE
"U1MTdF2meuM","2026-09-30 22:57:21.685615","UCjYFwkKvItvRTZYTMQfbTUA",FALSE
"SaWn-kXs7cE","2026-10-01 08:36:46.604652","UCKAsDhlUnVEF5bGVC98kdtw",TRUE
"3YssAHE83W0","2026-10-01 08:36:46.604652","UCWjue041KSU7Tu_PX8KkWQw",TRUE
"WueN6vxHHO0","2026-10-01 21:41:50.602013","UCCv-2IH7-YazDLVZ7BEIhkg",FALSE
"gt0BvAfjQB0","2026-10-01 21:41:50.602013","UCjYFwkKvItvRTZYTMQfbTUA",FALSE
"ymm9rC_kZYQ","2026-10-02 20:31:54.341488","UCjYFwkKvItvRTZYTMQfbTUA",TRUE
"HxmrtklbMzI","2026-10-03 00:18:09.613164","UCjYFwkKvItvRTZYTMQfbTUA",TRUE
"5fP96A4zyKg","2026-10-03 06:14:51.673404","UC4zSeC2mJb1mQd1XGk4wjmw",FALSE
"y_uCxqJ73kA","2026-10-03 17:07:44.324911","UCCv-2IH7-YazDLVZ7BEIhkg",TRUE
"2mJJkBenmQA","2026-10-04 12:03:23.928324","UCQX71aFdT5EBlf-KXOLXATA",FALSE
"tE4hOABUaxU","2026-10-04 17:22:45.339587","UCEYKSLqhk9HsOd68T2jKbbQ",FALSE
"17BWZQIA26w","2026-10-04 17:22:45.339587","UCjYFwkKvItvRTZYTMQfbTUA",FALSE
"PU3YOJBkn_E","2026-10-04 17:22:45.339587","UCAMl62VX7wwiL80MhgBo8ew",FALSE
"7SUq_cBadA8","2026-10-05 00:36:09.317505","UC1TWG3vZgFm-n6NpeKDx4jA",FALSE
