2026-02-11 20:48:23.95092,"B_Kj7sesOfI","6555","294","31"
2026-02-11 20:48:23.957397,"YzOyaPEBfCQ","176","1","0"
2026-02-11 20:48:23.965642,"S8somEkYx2k","1783","78","0"
2026-02-11 20:48:23.972744,"zve5emG2M4c","15865","789","111"
2026-02-11 20:48:23.980229,"_FnZnAn-3EU","1414","25","8"
2026-02-11 20:48:23.987604,"QlU9gtahQJM","1818","139","9"
2026-02-11 20:48:23.996279,"xNoE16FTPsY","714","22","1"
2026-02-11 20:48:24.005283,"mDRlt67MuRA","650","16","0"
2026-02-11 20:48:24.013982,"5IRVj86YdDc","19806","910","90"
2026-02-11 20:48:24.022025,"6QsedHMNQZ8","667","15","2"
2026-02-11 20:48:24.03122,"jl5UFUWNyd4","1438","21","0"
2026-02-11 20:48:24.040699,"y2eZ9MJie_k","1064","15","0"
2026-02-11 20:51:20.589374,"B_Kj7sesOfI","6555","294","31"
2026-02-11 20:51:20.590143,"YzOyaPEBfCQ","176","1","0"
2026-02-11 20:51:20.590641,"S8somEkYx2k","1783","78","0"
2026-02-11 20:51:20.591125,"zve5emG2M4c","15870","789","111"
2026-02-11 20:51:20.591554,"_FnZnAn-3EU","1418","25","8"
2026-02-11 20:51:20.592017,"QlU9gtahQJM","1818","139","9"
2026-02-11 20:51:20.592454,"xNoE16FTPsY","712","22","1"
2026-02-11 20:51:20.592926,"mDRlt67MuRA","657","17","0"
2026-02-11 20:51:20.59336,"5IRVj86YdDc","19806","910","90"
2026-02-11 20:51:20.593776,"6QsedHMNQZ8","667","15","2"
2026-02-11 20:51:20.594215,"jl5UFUWNyd4","1438","21","0"
2026-02-11 20:51:20.594635,"y2eZ9MJie_k","1064","15","0"
2026-02-11 21:00:41.376653,"B_Kj7sesOfI","6562","294","31"
2026-02-11 21:00:41.377311,"YzOyaPEBfCQ","176","1","0"
2026-02-11 21:00:41.37787,"S8somEkYx2k","1783","78","0"
2026-02-11 21:00:41.378392,"zve5emG2M4c","15884","790","111"
2026-02-11 21:00:41.378925,"_FnZnAn-3EU","1438","25","8"
2026-02-11 21:00:41.379427,"QlU9gtahQJM","1818","139","9"
2026-02-11 21:00:41.379958,"xNoE16FTPsY","712","22","1"
2026-02-11 21:00:41.380457,"mDRlt67MuRA","679","17","0"
2026-02-11 21:00:41.380972,"5IRVj86YdDc","19806","910","90"
2026-02-11 21:00:41.381465,"6QsedHMNQZ8","667","15","2"
2026-02-11 21:00:41.381984,"jl5UFUWNyd4","1438","21","0"
2026-02-11 21:00:41.38248,"y2eZ9MJie_k","1091","13","0"
2026-02-11 21:32:22.101674,"B_Kj7sesOfI","6590","295","32"
2026-02-11 21:32:22.102474,"YzOyaPEBfCQ","176","1","0"
2026-02-11 21:32:22.103048,"S8somEkYx2k","1773","77","0"
2026-02-11 21:32:22.103597,"zve5emG2M4c","15901","790","111"
2026-02-11 21:32:22.104103,"_FnZnAn-3EU","1461","26","9"
2026-02-11 21:32:22.10465,"QlU9gtahQJM","1818","139","9"
2026-02-11 21:32:22.105172,"xNoE16FTPsY","714","22","1"
2026-02-11 21:32:22.10569,"mDRlt67MuRA","727","17","0"
2026-02-11 21:32:22.10621,"5IRVj86YdDc","19806","910","90"
2026-02-11 21:32:22.106704,"6QsedHMNQZ8","667","15","2"
2026-02-11 21:32:22.107219,"jl5UFUWNyd4","1438","21","0"
2026-02-11 21:32:22.107714,"y2eZ9MJie_k","1289","13","0"
2026-02-11 22:24:17.379109,"B_Kj7sesOfI","6627","296","32"
2026-02-11 22:24:17.379951,"YzOyaPEBfCQ","176","1","0"
2026-02-11 22:24:17.380583,"S8somEkYx2k","1783","78","0"
2026-02-11 22:24:17.381186,"zve5emG2M4c","15906","791","111"
2026-02-11 22:24:17.381748,"_FnZnAn-3EU","1522","26","9"
2026-02-11 22:24:17.382302,"QlU9gtahQJM","1818","139","9"
2026-02-11 22:24:17.382778,"xNoE16FTPsY","716","22","1"
2026-02-11 22:24:17.38327,"mDRlt67MuRA","839","16","0"
2026-02-11 22:24:17.383733,"5IRVj86YdDc","19806","910","90"
2026-02-11 22:24:17.384191,"6QsedHMNQZ8","667","15","2"
2026-02-11 22:24:17.384639,"jl5UFUWNyd4","1438","21","0"
2026-02-11 22:24:17.3851,"y2eZ9MJie_k","1475","13","0"
2026-02-11 23:26:14.436085,"B_Kj7sesOfI","6659","298","32"
2026-02-11 23:26:14.436766,"YzOyaPEBfCQ","176","1","0"
2026-02-11 23:26:14.437314,"S8somEkYx2k","1783","78","0"
2026-02-11 23:26:14.437848,"zve5emG2M4c","15906","791","111"
2026-02-11 23:26:14.438349,"_FnZnAn-3EU","1560","27","9"
2026-02-11 23:26:14.438877,"QlU9gtahQJM","1818","139","9"
2026-02-11 23:26:14.439417,"xNoE16FTPsY","716","22","1"
2026-02-11 23:26:14.439923,"mDRlt67MuRA","957","16","0"
2026-02-11 23:26:14.440441,"5IRVj86YdDc","19806","910","90"
2026-02-11 23:26:14.440933,"6QsedHMNQZ8","667","15","2"
2026-02-11 23:26:14.441448,"jl5UFUWNyd4","1438","21","0"
2026-02-11 23:26:14.44194,"y2eZ9MJie_k","1575","13","0"
2026-02-12 01:27:17.438032,"B_Kj7sesOfI","6719","304","32"
2026-02-12 01:27:17.438751,"YzOyaPEBfCQ","176","1","0"
2026-02-12 01:27:17.439333,"S8somEkYx2k","1850","79","0"
2026-02-12 01:27:17.439876,"zve5emG2M4c","15985","793","111"
2026-02-12 01:27:17.44039,"_FnZnAn-3EU","1560","27","9"
2026-02-12 01:27:17.440945,"QlU9gtahQJM","1818","139","9"
2026-02-12 01:27:17.441464,"xNoE16FTPsY","717","22","1"
2026-02-12 01:27:17.441999,"mDRlt67MuRA","994","16","0"
2026-02-12 01:27:17.442519,"5IRVj86YdDc","19812","910","90"
2026-02-12 01:27:17.443049,"6QsedHMNQZ8","667","15","2"
2026-02-12 01:27:17.443547,"jl5UFUWNyd4","1441","21","0"
2026-02-12 01:27:17.444067,"y2eZ9MJie_k","1622","13","0"
2026-02-12 04:28:36.103168,"B_Kj7sesOfI","6784","307","32"
2026-02-12 04:28:36.103958,"YzOyaPEBfCQ","176","1","0"
2026-02-12 04:28:36.104551,"S8somEkYx2k","1868","79","0"
2026-02-12 04:28:36.105081,"zve5emG2M4c","16032","794","111"
2026-02-12 04:28:36.105626,"_FnZnAn-3EU","1671","29","9"
2026-02-12 04:28:36.106168,"QlU9gtahQJM","1818","139","9"
2026-02-12 04:28:36.10671,"xNoE16FTPsY","719","22","1"
2026-02-12 04:28:36.107215,"mDRlt67MuRA","1023","17","0"
2026-02-12 04:28:36.107748,"5IRVj86YdDc","19814","910","90"
2026-02-12 04:28:36.10826,"6QsedHMNQZ8","667","15","2"
2026-02-12 04:28:36.108782,"jl5UFUWNyd4","1441","21","0"
2026-02-12 04:28:36.109285,"y2eZ9MJie_k","1719","14","0"
2026-02-12 08:52:09.08112,"YzOyaPEBfCQ","176","1","0"
2026-02-12 08:52:09.081911,"S8somEkYx2k","1871","81","0"
2026-02-12 08:52:09.082422,"zve5emG2M4c","16186","798","111"
2026-02-12 08:52:09.0829,"_FnZnAn-3EU","1763","29","9"
2026-02-12 08:52:09.083371,"QlU9gtahQJM","1818","139","9"
2026-02-12 08:52:09.083858,"xNoE16FTPsY","720","22","1"
2026-02-12 08:52:09.084321,"mDRlt67MuRA","1031","18","0"
2026-02-12 08:52:09.084836,"5IRVj86YdDc","19821","910","90"
2026-02-12 08:52:09.085305,"6QsedHMNQZ8","667","15","2"
2026-02-12 08:52:09.085804,"jl5UFUWNyd4","1443","21","0"
2026-02-12 08:52:09.086288,"y2eZ9MJie_k","1750","15","0"
2026-02-12 09:57:36.394403,"YzOyaPEBfCQ","176","1","0"
2026-02-12 09:57:36.395007,"S8somEkYx2k","1879","82","0"
2026-02-12 09:57:36.395517,"zve5emG2M4c","16228","795","111"
2026-02-12 09:57:36.395977,"_FnZnAn-3EU","1826","29","10"
2026-02-12 09:57:36.396435,"QlU9gtahQJM","1818","139","9"
2026-02-12 09:57:36.396867,"xNoE16FTPsY","720","22","1"
2026-02-12 09:57:36.397331,"mDRlt67MuRA","1080","18","0"
2026-02-12 09:57:36.397796,"5IRVj86YdDc","19822","910","90"
2026-02-12 09:57:36.398267,"6QsedHMNQZ8","667","15","2"
2026-02-12 09:57:36.398732,"jl5UFUWNyd4","1443","21","0"
2026-02-12 09:57:36.399199,"y2eZ9MJie_k","1750","15","0"
2026-02-12 10:57:25.800798,"YzOyaPEBfCQ","176","1","0"
2026-02-12 10:57:25.801636,"S8somEkYx2k","1879","82","0"
2026-02-12 10:57:25.802317,"zve5emG2M4c","16247","795","111"
2026-02-12 10:57:25.802943,"_FnZnAn-3EU","1833","29","10"
2026-02-12 10:57:25.803524,"QlU9gtahQJM","1818","139","9"
2026-02-12 10:57:25.804099,"xNoE16FTPsY","720","22","1"
2026-02-12 10:57:25.804653,"mDRlt67MuRA","1080","18","0"
2026-02-12 10:57:25.805241,"5IRVj86YdDc","19822","910","90"
2026-02-12 10:57:25.805783,"6QsedHMNQZ8","667","15","2"
2026-02-12 10:57:25.80637,"jl5UFUWNyd4","1443","21","0"
2026-02-12 10:57:25.806956,"y2eZ9MJie_k","1804","15","0"
2026-02-12 11:48:47.916669,"YzOyaPEBfCQ","176","1","0"
2026-02-12 11:48:47.917338,"S8somEkYx2k","1879","82","0"
2026-02-12 11:48:47.917898,"zve5emG2M4c","16290","796","111"
2026-02-12 11:48:47.918408,"_FnZnAn-3EU","1840","29","10"
2026-02-12 11:48:47.918945,"QlU9gtahQJM","1818","139","9"
2026-02-12 11:48:47.919457,"xNoE16FTPsY","720","22","1"
2026-02-12 11:48:47.920014,"mDRlt67MuRA","1080","18","0"
2026-02-12 11:48:47.920529,"5IRVj86YdDc","19822","910","90"
2026-02-12 11:48:47.921056,"6QsedHMNQZ8","667","15","2"
2026-02-12 11:48:47.921617,"jl5UFUWNyd4","1443","21","0"
2026-02-12 11:48:47.922162,"y2eZ9MJie_k","1809","15","0"
2026-02-12 13:20:44.57916,"YzOyaPEBfCQ","176","1","0"
2026-02-12 13:20:44.579902,"S8somEkYx2k","1891","82","0"
2026-02-12 13:20:44.580499,"zve5emG2M4c","16331","796","111"
2026-02-12 13:20:44.58103,"_FnZnAn-3EU","1841","29","10"
2026-02-12 13:20:44.581574,"QlU9gtahQJM","1818","139","9"
2026-02-12 13:20:44.582083,"xNoE16FTPsY","720","22","1"
2026-02-12 13:20:44.582614,"mDRlt67MuRA","1087","18","0"
2026-02-12 13:20:44.583128,"5IRVj86YdDc","19823","910","90"
2026-02-12 13:20:44.583652,"6QsedHMNQZ8","667","15","2"
2026-02-12 13:20:44.584168,"jl5UFUWNyd4","1443","21","0"
2026-02-12 13:20:44.584727,"y2eZ9MJie_k","1813","15","0"
2026-02-12 14:54:11.779416,"YzOyaPEBfCQ","176","1","0"
2026-02-12 14:54:11.780322,"S8somEkYx2k","1900","83","0"
2026-02-12 14:54:11.780964,"zve5emG2M4c","16364","800","111"
2026-02-12 14:54:11.781494,"_FnZnAn-3EU","1841","29","10"
2026-02-12 14:54:11.782044,"QlU9gtahQJM","1818","139","9"
2026-02-12 14:54:11.782571,"xNoE16FTPsY","720","22","1"
2026-02-12 14:54:11.783093,"mDRlt67MuRA","1130","18","0"
2026-02-12 14:54:11.783647,"5IRVj86YdDc","19825","911","90"
2026-02-12 14:54:11.784181,"6QsedHMNQZ8","667","15","2"
2026-02-12 14:54:11.78477,"jl5UFUWNyd4","1443","21","0"
2026-02-12 14:54:11.785322,"y2eZ9MJie_k","1838","16","0"
2026-02-12 15:59:04.362978,"YzOyaPEBfCQ","176","1","0"
2026-02-12 15:59:04.363716,"S8somEkYx2k","1904","82","0"
2026-02-12 15:59:04.364257,"zve5emG2M4c","16407","802","111"
2026-02-12 15:59:04.364787,"_FnZnAn-3EU","1841","29","10"
2026-02-12 15:59:04.365295,"QlU9gtahQJM","1818","139","9"
2026-02-12 15:59:04.365832,"xNoE16FTPsY","720","22","1"
2026-02-12 15:59:04.366352,"mDRlt67MuRA","1116","18","0"
2026-02-12 15:59:04.366888,"5IRVj86YdDc","19826","911","90"
2026-02-12 15:59:04.367393,"6QsedHMNQZ8","667","15","2"
2026-02-12 15:59:04.367936,"jl5UFUWNyd4","1443","21","0"
2026-02-12 15:59:04.368464,"y2eZ9MJie_k","1838","16","0"
2026-02-12 15:59:04.368997,"MXoAma5eCLo","138","6","0"
2026-02-12 17:11:23.827938,"YzOyaPEBfCQ","176","1","0"
2026-02-12 17:11:23.828672,"S8somEkYx2k","1911","83","0"
2026-02-12 17:11:23.829278,"zve5emG2M4c","16449","805","111"
2026-02-12 17:11:23.829814,"_FnZnAn-3EU","1846","29","10"
2026-02-12 17:11:23.830363,"QlU9gtahQJM","1818","139","9"
2026-02-12 17:11:23.830842,"xNoE16FTPsY","723","23","1"
2026-02-12 17:11:23.831333,"mDRlt67MuRA","1169","19","0"
2026-02-12 17:11:23.831824,"5IRVj86YdDc","19825","911","90"
2026-02-12 17:11:23.832327,"6QsedHMNQZ8","667","15","2"
2026-02-12 17:11:23.832831,"jl5UFUWNyd4","1443","21","0"
2026-02-12 17:11:23.833331,"y2eZ9MJie_k","1838","16","0"
2026-02-12 17:11:23.833797,"MXoAma5eCLo","273","11","0"
2026-02-12 17:11:23.834251,"hOchcDncvnA","129","2","0"
2026-02-12 19:14:44.258512,"YzOyaPEBfCQ","176","1","0"
2026-02-12 19:14:44.259228,"S8somEkYx2k","1913","83","0"
2026-02-12 19:14:44.259772,"zve5emG2M4c","16512","809","111"
2026-02-12 19:14:44.260249,"_FnZnAn-3EU","1849","29","10"
2026-02-12 19:14:44.260763,"QlU9gtahQJM","1818","139","9"
2026-02-12 19:14:44.261233,"xNoE16FTPsY","723","23","1"
2026-02-12 19:14:44.261734,"mDRlt67MuRA","1174","19","0"
2026-02-12 19:14:44.262235,"5IRVj86YdDc","19829","911","90"
2026-02-12 19:14:44.262726,"6QsedHMNQZ8","667","15","2"
2026-02-12 19:14:44.263214,"jl5UFUWNyd4","1443","21","0"
2026-02-12 19:14:44.263701,"y2eZ9MJie_k","1877","16","0"
2026-02-12 19:14:44.264156,"MXoAma5eCLo","463","15","2"
2026-02-12 19:14:44.264601,"hOchcDncvnA","149","3","0"
2026-02-12 20:41:44.32933,"YzOyaPEBfCQ","176","1","0"
2026-02-12 20:41:44.330067,"S8somEkYx2k","1916","83","0"
2026-02-12 20:41:44.330644,"zve5emG2M4c","16557","808","111"
2026-02-12 20:41:44.331168,"_FnZnAn-3EU","1849","29","10"
2026-02-12 20:41:44.331719,"QlU9gtahQJM","1818","139","9"
2026-02-12 20:41:44.332235,"xNoE16FTPsY","727","23","1"
2026-02-12 20:41:44.332784,"mDRlt67MuRA","1210","20","0"
2026-02-12 20:41:44.333323,"5IRVj86YdDc","19829","911","90"
2026-02-12 20:41:44.333848,"6QsedHMNQZ8","667","15","2"
2026-02-12 20:41:44.334403,"jl5UFUWNyd4","1446","21","0"
2026-02-12 20:41:44.33494,"y2eZ9MJie_k","1931","16","0"
2026-02-12 20:41:44.335486,"MXoAma5eCLo","603","18","2"
2026-02-12 20:41:44.335984,"hOchcDncvnA","153","3","0"
2026-02-12 20:41:44.336502,"MjcQd0mNs_M","15","1","1"
2026-02-12 21:39:16.161788,"YzOyaPEBfCQ","176","1","0"
2026-02-12 21:39:16.16245,"S8somEkYx2k","1938","83","0"
2026-02-12 21:39:16.162996,"zve5emG2M4c","16583","809","111"
2026-02-12 21:39:16.163532,"_FnZnAn-3EU","1849","29","10"
2026-02-12 21:39:16.164048,"QlU9gtahQJM","1818","139","9"
2026-02-12 21:39:16.164576,"xNoE16FTPsY","727","23","1"
2026-02-12 21:39:16.165087,"mDRlt67MuRA","1221","20","0"
2026-02-12 21:39:16.165618,"5IRVj86YdDc","19831","911","90"
2026-02-12 21:39:16.166115,"6QsedHMNQZ8","667","15","2"
2026-02-12 21:39:16.166649,"jl5UFUWNyd4","1447","21","0"
2026-02-12 21:39:16.167166,"y2eZ9MJie_k","1949","17","0"
2026-02-12 21:39:16.167706,"MXoAma5eCLo","712","19","3"
2026-02-12 21:39:16.168192,"hOchcDncvnA","153","3","0"
2026-02-12 21:39:16.168707,"MjcQd0mNs_M","27","1","3"
2026-02-12 22:37:53.513061,"YzOyaPEBfCQ","176","1","0"
2026-02-12 22:37:53.513756,"S8somEkYx2k","1952","84","0"
2026-02-12 22:37:53.514331,"zve5emG2M4c","16616","810","111"
2026-02-12 22:37:53.5148,"_FnZnAn-3EU","1857","29","10"
2026-02-12 22:37:53.515347,"QlU9gtahQJM","1818","139","9"
2026-02-12 22:37:53.51581,"xNoE16FTPsY","729","23","1"
2026-02-12 22:37:53.5163,"mDRlt67MuRA","1221","20","0"
2026-02-12 22:37:53.516763,"5IRVj86YdDc","19831","911","90"
2026-02-12 22:37:53.517256,"6QsedHMNQZ8","667","15","2"
2026-02-12 22:37:53.517733,"jl5UFUWNyd4","1446","21","0"
2026-02-12 22:37:53.518245,"y2eZ9MJie_k","1953","19","0"
2026-02-12 22:37:53.518698,"MXoAma5eCLo","814","20","3"
2026-02-12 22:37:53.519176,"hOchcDncvnA","194","3","0"
2026-02-12 22:37:53.519617,"MjcQd0mNs_M","31","2","6"
2026-02-12 23:35:55.525123,"YzOyaPEBfCQ","176","1","0"
2026-02-12 23:35:55.525873,"S8somEkYx2k","1958","84","0"
2026-02-12 23:35:55.52642,"zve5emG2M4c","16643","810","111"
2026-02-12 23:35:55.526965,"_FnZnAn-3EU","1855","29","10"
2026-02-12 23:35:55.527478,"QlU9gtahQJM","1818","139","9"
2026-02-12 23:35:55.528006,"xNoE16FTPsY","727","23","1"
2026-02-12 23:35:55.528529,"mDRlt67MuRA","1250","20","0"
2026-02-12 23:35:55.529089,"5IRVj86YdDc","19831","911","90"
2026-02-12 23:35:55.529591,"6QsedHMNQZ8","667","15","2"
2026-02-12 23:35:55.530128,"jl5UFUWNyd4","1447","21","0"
2026-02-12 23:35:55.53067,"y2eZ9MJie_k","1971","20","0"
2026-02-12 23:35:55.531198,"MXoAma5eCLo","949","21","3"
2026-02-12 23:35:55.531708,"hOchcDncvnA","197","5","0"
2026-02-12 23:35:55.532224,"MjcQd0mNs_M","37","3","6"
